Name,Liver,R-Kidney,Spleen,Pancreas,Aorta,IVC,RAG,LAG,Gallbladder,Esophagus,Stomach,Duodenum,L-Kidney
FLARETs_0048,0.973999977,0.978999972,0.957000017,0.864000022,0.938000023,0.549000025,0.824999988,0.903999984,,0.763000011,0.917999983,0.748000026,0.904999971
FLARETs_0042,0.978999972,0.207000002,0.97299999,0.901000023,0.963999987,0.93599999,0.666999996,0.805000007,0.930999994,0.871999979,0.935000002,0.289999992,0.953999996
FLARETs_0003,0.978999972,0.964999974,0.976000011,0.943000019,0.963999987,0.916999996,0.912,0.894999981,0.907999992,0.259000003,0.171000004,0.938000023,0.972000003
FLARETs_0034,0.98299998,0.980000019,0.978999972,0.933000028,0.959999979,0.953999996,0.888000011,0.890999973,0.953999996,0,0.398999989,0.908999979,0.980000019
FLARETs_0047,0.931999981,0.981999993,0.837000012,0.755999982,0.953000009,0.68599999,0.846000016,0.879999995,0.920000017,0.832000017,0.936999977,0.421999991,0.984000027
FLARETs_0005,0.981000006,0.978999972,0.97299999,0.898999989,0.958999991,0.907999992,0.617999971,0.856999993,0.908999979,0.904999971,0.970000029,0.60799998,0.414999992
FLARETs_0041,0.968999982,0.977999985,0.95599997,0.89200002,0.950999975,0.911000013,0.898999989,0.776000023,0.907999992,0.866999984,0.943000019,0.827000022,0.216000006
FLARETs_0004,0.978999972,0.967999995,0.980000019,0.93599999,0.967999995,0.816999972,0,0.758000016,0.958000004,0.934000015,0.964999974,0.88499999,0.973999977
FLARETs_0009,0.976999998,0.971000016,0.961000025,0.588,0.917999983,0.912999988,0.773000002,0.783999979,0.894999981,0.833999991,0.949999988,0.598999977,0.968999982
FLARETs_0002,0.976999998,0.963999987,0.978999972,0.851000011,0.959999979,0.846000016,0.880999982,0.88499999,0.286000013,0.837000012,0.962000012,0.795000017,0.959999979
FLARETs_0014,0.944000006,0.568000019,0.963999987,0.916999996,0.944000006,0.916000009,0.866999984,0.827000022,0.894999981,0.890999973,0.961000025,0.634000003,0.978999972
FLARETs_0040,0.985000014,0.972000003,0.981999993,0.925999999,0.966000021,0.926999986,0.896000028,0.061999999,0.94599998,0.873000026,0.958000004,0.865999997,0.971000016
FLARETs_0039,0.954999983,0.980000019,0.975000024,0.926999986,0.968999982,0.458999991,0.869000018,0.832000017,0.893000007,0.869000018,0.952000022,0.845000029,0.961000025
FLARETs_0050,0.975000024,0.976000011,0.980000019,0.86500001,0.864000022,0.917999983,0.842999995,0.870999992,0.912,0.745000005,0.917999983,0.711000025,0.97299999
FLARETs_0007,0.984000027,0.978999972,0.97299999,0.907999992,0.943000019,0.93900001,0.851999998,0.846000016,0.954999983,0.906000018,0.967999995,0.89200002,0.421999991
FLARETs_0049,0.981000006,0.973999977,0.968999982,0.920000017,0.949000001,0.933000028,0.479999989,0.896000028,0.814999998,0.853999972,0.972000003,0.852999985,0.978999972
FLARETs_0019,0.973999977,0.976000011,0.94599998,0.880999982,0.971000016,0.894999981,0.866999984,0.771000028,0.939999998,0.853999972,0.842000008,0.689999998,0.970000029
FLARETs_0023,0.97299999,0.961000025,0.985000014,0.910000026,0.961000025,0.887000024,0.902999997,0.921999991,0.93599999,0.88499999,0.958999991,0.852999985,0.541999996
FLARETs_0024,0.973999977,0.978999972,0.975000024,0.754999995,0.966000021,0.908999979,0.856000006,0.790000021,0.952000022,0.859000027,0.94599998,0.850000024,0.976999998
FLARETs_0011,0.977999985,0.967999995,0.981000006,0.856000006,0.952000022,0.936999977,0.885999978,0.884000003,0.944999993,0.906000018,0.931999981,0.698000014,0.968999982
FLARETs_0018,0.973999977,0.976000011,0.972000003,0.921000004,0.921999991,0.930999994,0.902999997,0.896000028,0.890999973,0.874000013,0.920000017,0.773000002,0.976000011
FLARETs_0001,0.977999985,0.961000025,0.980000019,0.910000026,0.959999979,0.953999996,0.851000011,0.878000021,0.782000005,0.870000005,0.972000003,0.86500001,0.976000011
FLARETs_0016,0.981999993,0.963999987,0.970000029,0.904999971,0.961000025,0.966000021,0.885999978,0.859000027,0.805000007,0.901000023,0.968999982,0.842000008,0.967000008
FLARETs_0027,0.973999977,0.964999974,0.986999989,0.888999999,0.933000028,0.888999999,0.850000024,0.88499999,0.930000007,0.893000007,0.971000016,0.856999993,0.966000021
FLARETs_0015,0.973999977,0.980000019,0.948000014,0.930999994,0.963,0.944000006,0.86500001,0.828999996,0.90200001,0.855000019,0.94599998,0.898000002,0.976000011
FLARETs_0030,0.981999993,0.975000024,0.977999985,0.936999977,0.964999974,0.947000027,0.867999971,0.848999977,0.953000009,0.827000022,0.927999973,0.925000012,0.972000003
FLARETs_0013,0.980000019,0.968999982,0.981000006,0.925999999,0.975000024,0.908999979,0.870999992,0.864000022,0.949000001,0.889999986,0.971000016,0.908999979,0.972000003
FLARETs_0012,0.98299998,0.961000025,0.967999995,0.89200002,0.967999995,0.896000028,0.893999994,0.92900002,0.954999983,0.917999983,0.967999995,0.921999991,0.957000017
FLARETs_0035,0.980000019,0.967000008,0.981999993,0.91900003,0.970000029,0.950999975,0.859000027,0.901000023,0.950999975,0.902999997,0.957000017,0.925000012,0.977999985
FLARETs_0006,0.976999998,0.980000019,0.978999972,0.931999981,0.970000029,0.935000002,0.933000028,0.915000021,,0.894999981,0.958999991,0.912,0.578000009
FLARETs_0037,0.980000019,0.976999998,0.981999993,0.930000007,0.976999998,0.959999979,0.620000005,0.001,0.93599999,0.90200001,0.963,0.908999979,0.968999982
FLARETs_0045,0.981000006,0.975000024,0.981000006,0.896000028,0.957000017,0.90200001,0.787999988,0.898999989,0.968999982,0.787999988,0.964999974,0.89200002,0.981000006
FLARETs_0017,0.970000029,0.976000011,0.967000008,0.884000003,0.967999995,0.883000016,0.904999971,0.916000009,0.921000004,0.896000028,0.878000021,0.870999992,0.976000011
FLARETs_0029,0.98299998,0.98299998,0.976999998,0.921000004,0.949000001,0.899999976,0.890999973,0.853999972,0.949000001,0.791000009,0.967999995,0.917999983,0.980000019
FLARETs_0026,0.976000011,0.971000016,0.978999972,0.916000009,0.971000016,0.944000006,0.85799998,0.888999999,0.947000027,0.851000011,0.964999974,0.847000003,0.981000006
FLARETs_0025,0.975000024,0.97299999,0.981000006,0.922999978,0.968999982,0.95599997,0.889999986,0.870000005,0.842000008,0.920000017,0.967000008,0.876999974,0.967999995
FLARETs_0028,0.976999998,0.98299998,0.985000014,0.916000009,0.97299999,0.94599998,0.852999985,0.915000021,0.893000007,0.90200001,0.971000016,0.916000009,0.98299998
FLARETs_0043,0.976000011,,0.981000006,0.931999981,0.964999974,0.958000004,0.898999989,0.925999999,0.950999975,0.815999985,0.963999987,0.926999986,0.973999977
FLARETs_0044,0.984000027,,0.981000006,0.912999988,0.939999998,0.948000014,,0.944000006,0.952000022,0.824000001,0.95599997,0.805000007,0.981999993
FLARETs_0008,0.981999993,0.976999998,0.976999998,0.906000018,0.966000021,0.841000021,0.916000009,0.893000007,,0.924000025,0.959999979,0.917999983,0.976999998
FLARETs_0031,0.968999982,0.975000024,0.972000003,0.924000025,0.963,0.934000015,0.904999971,,0,0.916999996,0.966000021,0.917999983,
FLARETs_0038,0.977999985,0.981999993,0.975000024,0.904999971,0.968999982,0.855000019,0.856000006,0.834999979,,0.860000014,0.954999983,0.753000021,0.977999985
FLARETs_0022,0.976999998,0.961000025,0.967000008,0.81400001,0.966000021,0.94599998,0.922999978,0.925000012,,0.836000025,0.964999974,0.565999985,0.968999982
FLARETs_0036,0.984000027,0.981000006,0.975000024,0.917999983,0.961000025,0.949999988,0.847000003,0.864000022,,0.901000023,0.964999974,0.894999981,0.972000003
FLARETs_0010,0.985000014,0.975000024,0.981999993,0.92900002,0.91900003,0.859000027,0.885999978,0.866999984,,0.86500001,0.968999982,0.933000028,0.972000003
FLARETs_0020,0.977999985,0.975000024,0.980000019,0.924000025,0.959999979,0.949999988,0.917999983,0.866999984,,0.911000013,0.961000025,0.805999994,0.976999998
FLARETs_0033,0.975000024,0.889999986,0.977999985,0.666000009,0.957000017,0.967000008,0.864000022,0.861000001,,0.883000016,0.94599998,0.813000023,0.962000012
FLARETs_0046,0.977999985,0.968999982,,0.925000012,0.972000003,0.727999985,0.869000018,0.88499999,0.939999998,0.723999977,0.958999991,0.889999986,0.970000029
FLARETs_0032,0.950999975,0.954999983,0.723999977,0.748000026,0.771000028,0.850000024,0.912999988,,,0.624000013,0.810000002,0.824000001,
FLARETs_0021,0.976999998,0.976999998,0.978999972,0.939999998,0.971000016,0.934000015,0.901000023,0.911000013,,0.930999994,0.963999987,0.938000023,0.976999998
,,,,,,,,,,,,,
Class means,0.975459996,0.947062501,0.966714286,0.888400004,0.953020004,0.8938,0.834897955,0.834645837,0.878871792,0.832740004,0.922719996,0.819140001,0.915375
,,,,,,,,,,,,,
Total mean,0.897431062,,,,,,,,,,,,
